ts_minute,average_price
2024-12-03 04:18:00,608.9966666666667
2024-12-03 04:31:00,608.99
2024-12-03 05:07:00,608.52
2024-12-03 05:30:00,608.31
2024-12-03 06:42:00,608.51
2024-12-03 06:52:00,608.51
2024-12-03 06:55:00,608.51
2024-12-03 07:00:00,608.28
2024-12-03 07:06:00,609.0407142857143
2024-12-03 07:15:00,609.698
2024-12-03 07:19:00,609.51
2024-12-03 07:26:00,609.22
2024-12-03 07:27:00,609.585
2024-12-03 07:40:00,609.22
2024-12-03 07:44:00,608.93
2024-12-03 07:56:00,609.47
2024-12-03 08:00:00,608.9231739130435
2024-12-03 08:02:00,608.52
2024-12-03 08:05:00,608.52
2024-12-03 08:16:00,609.21
2024-12-03 08:18:00,608.52
2024-12-03 08:19:00,608.52
2024-12-03 08:20:00,608.52
2024-12-03 08:21:00,608.52
2024-12-03 08:26:00,609.4
2024-12-03 08:33:00,609.59
2024-12-03 08:38:00,609.4
2024-12-03 08:39:00,609.4
2024-12-03 08:41:00,609.4
2024-12-03 08:43:00,609.59
2024-12-03 08:48:00,609.18
2024-12-03 08:50:00,609.6
2024-12-03 08:53:00,609.447
2024-12-03 08:54:00,609.6
2024-12-03 08:55:00,609.6
2024-12-03 08:57:00,609.128125
2024-12-03 08:59:00,608.954
2024-12-03 09:01:00,608.95
2024-12-03 09:02:00,608.85
2024-12-03 09:05:00,608.965
2024-12-03 09:07:00,608.99188
2024-12-03 09:08:00,608.94
2024-12-03 09:16:00,609.4988
2024-12-03 09:18:00,608.85
2024-12-03 09:19:00,607.8841666666667
2024-12-03 09:20:00,608.2033333333334
2024-12-03 09:26:00,608.01
2024-12-03 09:29:00,609.9346428571429
2024-12-03 09:30:00,613.0787449397591
2024-12-03 09:31:00,611.8264583596215
2024-12-03 09:32:00,610.5857175227272
2024-12-03 09:33:00,610.1264570852272
2024-12-03 09:34:00,609.7910711052632
2024-12-03 09:35:00,608.4259367314814
2024-12-03 09:36:00,607.2662392620088
2024-12-03 09:37:00,606.9383387164179
2024-12-03 09:38:00,607.016189456
2024-12-03 09:39:00,606.6992236024845
2024-12-03 09:40:00,606.2262588310344
2024-12-03 09:41:00,605.9040648080808
2024-12-03 09:42:00,605.8600532095809
2024-12-03 09:43:00,605.9153163333333
2024-12-03 09:44:00,605.346989
2024-12-03 09:45:00,605.4281056857143
2024-12-03 09:46:00,605.7087148310811
2024-12-03 09:47:00,606.4595706235955
2024-12-03 09:48:00,606.1623305565217
2024-12-03 09:49:00,605.7509436507936
2024-12-03 09:50:00,605.6196484160583
2024-12-03 09:51:00,605.8849198911564
2024-12-03 09:52:00,606.1609733112583
2024-12-03 09:53:00,606.5649097727272
2024-12-03 09:54:00,606.4300655851064
2024-12-03 09:55:00,606.671218958042
2024-12-03 09:56:00,607.8130031633987
2024-12-03 09:57:00,609.24583875969
2024-12-03 09:58:00,609.2033221458333
2024-12-03 09:59:00,608.7417573952703
2024-12-03 10:00:00,608.1762437346939
2024-12-03 10:01:00,608.2176646511627
2024-12-03 10:02:00,608.3434611404958
2024-12-03 10:03:00,608.3968102692307
2024-12-03 10:04:00,608.5240365967742
2024-12-03 10:05:00,607.6501431954887
2024-12-03 10:06:00,608.1444287032258
2024-12-03 10:07:00,608.7939062115385
2024-12-03 10:08:00,608.7918501203703
2024-12-03 10:09:00,608.8964973314917
2024-12-03 10:10:00,609.0677402061856
2024-12-03 10:11:00,608.8784209181287
2024-12-03 10:12:00,609.1493833333334
2024-12-03 10:13:00,609.6108074076433
2024-12-03 10:14:00,609.5150806521739
2024-12-03 10:15:00,609.6602212857143
2024-12-03 10:16:00,609.4720894514768
2024-12-03 10:17:00,609.2755138258929
2024-12-03 10:18:00,609.6589011923077
2024-12-03 10:19:00,609.4333343469388
2024-12-03 10:20:00,609.4440640625
2024-12-03 10:21:00,609.4827994166667
2024-12-03 10:22:00,609.0841931818181
2024-12-03 10:23:00,608.8775135063291
2024-12-03 10:24:00,608.8046392093023
2024-12-03 10:25:00,608.7836779130434
2024-12-03 10:26:00,609.2989533820755
2024-12-03 10:27:00,609.6559590361446
2024-12-03 10:28:00,609.5939523523132
2024-12-03 10:29:00,609.7128759090909
2024-12-03 10:30:00,609.8692474354839
2024-12-03 10:31:00,609.5868970994475
2024-12-03 10:32:00,609.2123778571429
2024-12-03 10:33:00,609.1966228571429
2024-12-03 10:34:00,608.7881545691057
2024-12-03 10:35:00,608.4527821032609
2024-12-03 10:36:00,608.9558477076923
2024-12-03 10:37:00,608.9990314111111
2024-12-03 10:38:00,608.7036901531532
2024-12-03 10:39:00,608.29907
2024-12-03 10:40:00,608.1464462985075
2024-12-03 10:41:00,608.0591974196428
2024-12-03 10:42:00,608.0346833508772
2024-12-03 10:43:00,608.0117380529801
2024-12-03 10:44:00,607.5843585935484
2024-12-03 10:45:00,607.42275491
2024-12-03 10:46:00,607.8026037417219
2024-12-03 10:47:00,608.1092297029703
2024-12-03 10:48:00,608.1794136989247
2024-12-03 10:49:00,608.6414772385322
2024-12-03 10:50:00,608.6198043478261
2024-12-03 10:51:00,608.9487637803468
2024-12-03 10:52:00,609.0497799296875
2024-12-03 10:53:00,609.0280524135338
2024-12-03 10:54:00,608.8274835051546
2024-12-03 10:55:00,608.7924889705882
2024-12-03 10:56:00,608.9678902777778
2024-12-03 10:57:00,608.890584202381
2024-12-03 10:58:00,608.6330592974683
2024-12-03 10:59:00,608.5143793061225
2024-12-03 11:00:00,608.3159202702702
2024-12-03 11:01:00,607.8465095530303
2024-12-03 11:02:00,607.7347206707317
2024-12-03 11:03:00,607.4932237605634
2024-12-03 11:04:00,607.26297733
2024-12-03 11:05:00,606.9654911538462
2024-12-03 11:06:00,606.8610421666667
2024-12-03 11:07:00,607.1686352941176
2024-12-03 11:08:00,607.3696314098361
2024-12-03 11:09:00,607.2490284495412
2024-12-03 11:10:00,607.22431645
2024-12-03 11:11:00,607.1385731964285
2024-12-03 11:12:00,607.0888249726028
2024-12-03 11:13:00,607.1041635434783
2024-12-03 11:14:00,607.2116049882353
2024-12-03 11:15:00,607.151790557377
2024-12-03 11:16:00,606.9369922101695
2024-12-03 11:17:00,606.9360757572815
2024-12-03 11:18:00,606.928730862745
2024-12-03 11:19:00,606.6360575603449
2024-12-03 11:20:00,606.5586643246753
2024-12-03 11:21:00,606.5623928125
2024-12-03 11:22:00,606.4080585454545
2024-12-03 11:23:00,606.3811915660377
2024-12-03 11:24:00,606.5716118932585
2024-12-03 11:25:00,606.8909627647059
2024-12-03 11:26:00,607.4417511521739
2024-12-03 11:27:00,607.6549747545455
2024-12-03 11:28:00,607.9515775
2024-12-03 11:29:00,607.8585960740741
2024-12-03 11:30:00,607.8750703180212
2024-12-03 11:31:00,607.4210597142857
2024-12-03 11:32:00,607.6110001103448
2024-12-03 11:33:00,607.8787822903225
2024-12-03 11:34:00,608.2636762285714
2024-12-03 11:35:00,608.16418671875
2024-12-03 11:36:00,608.034430472103
2024-12-03 11:37:00,608.12303015625
2024-12-03 11:38:00,608.4113313809523
2024-12-03 11:39:00,608.2588364142857
2024-12-03 11:40:00,607.8869368780488
2024-12-03 11:41:00,607.8669252777778
2024-12-03 11:42:00,607.6830553225807
2024-12-03 11:43:00,607.3608748119658
2024-12-03 11:44:00,607.652902192
2024-12-03 11:45:00,607.4042652578617
2024-12-03 11:46:00,607.3232697674418
2024-12-03 11:47:00,607.4231725274725
2024-12-03 11:48:00,607.2147513365385
2024-12-03 11:49:00,607.2441445
2024-12-03 11:50:00,607.0756855555555
2024-12-03 11:51:00,606.8138995483871
2024-12-03 11:52:00,606.772015173913
2024-12-03 11:53:00,606.764543925
2024-12-03 11:54:00,606.7080494675324
2024-12-03 11:55:00,606.7254019607843
2024-12-03 11:56:00,606.8167894659091
2024-12-03 11:57:00,606.7448469026549
2024-12-03 11:58:00,606.969956261194
2024-12-03 11:59:00,607.3340118061225
2024-12-03 12:00:00,607.4266426351352
2024-12-03 12:01:00,607.50123440625
2024-12-03 12:02:00,607.9131211140351
2024-12-03 12:03:00,608.1190380952381
2024-12-03 12:04:00,608.1667438055556
2024-12-03 12:05:00,608.340861875
2024-12-03 12:06:00,608.3584594081633
2024-12-03 12:07:00,608.7253621010101
2024-12-03 12:08:00,608.61004164
2024-12-03 12:09:00,608.6541770833334
2024-12-03 12:10:00,608.6612916666667
2024-12-03 12:11:00,608.5913415573771
2024-12-03 12:12:00,608.4822429906542
2024-12-03 12:13:00,608.4969363
2024-12-03 12:14:00,608.4260449756098
2024-12-03 12:15:00,608.4957685454546
2024-12-03 12:16:00,608.3995123272728
2024-12-03 12:17:00,608.4247318709678
2024-12-03 12:18:00,608.2529362222223
2024-12-03 12:19:00,608.3419261682243
2024-12-03 12:20:00,608.7482287671232
2024-12-03 12:21:00,608.6794065217391
2024-12-03 12:22:00,608.5247712884616
2024-12-03 12:23:00,608.4982903368422
2024-12-03 12:24:00,608.5554993820225
2024-12-03 12:25:00,608.4875826647059
2024-12-03 12:26:00,608.4529282916667
2024-12-03 12:27:00,608.711720610687
2024-12-03 12:28:00,609.090475
2024-12-03 12:29:00,609.1152300970874
2024-12-03 12:30:00,608.78547
2024-12-03 12:31:00,608.6419645161291
2024-12-03 12:32:00,608.7664719101124
2024-12-03 12:33:00,608.9292146534654
2024-12-03 12:34:00,609.01227555
2024-12-03 12:35:00,609.1009977068966
2024-12-03 12:36:00,608.9645221328672
2024-12-03 12:37:00,608.5310092767858
2024-12-03 12:38:00,608.5641742877698
2024-12-03 12:39:00,608.560587
2024-12-03 12:40:00,608.596385
2024-12-03 12:41:00,608.5498638181818
2024-12-03 12:42:00,608.8054
2024-12-03 12:43:00,608.8582389487179
2024-12-03 12:44:00,608.98066416
2024-12-03 12:45:00,608.9049743069307
2024-12-03 12:46:00,608.9870611875
2024-12-03 12:47:00,608.9940844444444
2024-12-03 12:48:00,608.9768375
2024-12-03 12:49:00,608.91165125
2024-12-03 12:50:00,608.8749683389831
2024-12-03 12:51:00,608.8473911111112
2024-12-03 12:52:00,608.8934871428571
2024-12-03 12:53:00,608.879073254902
2024-12-03 12:54:00,608.8350771929825
2024-12-03 12:55:00,608.8461883333333
2024-12-03 12:56:00,608.6932833787879
2024-12-03 12:57:00,608.6808117647059
2024-12-03 12:58:00,608.6284272727273
2024-12-03 12:59:00,608.636993734375
2024-12-03 13:00:00,608.7056120689655
2024-12-03 13:01:00,608.6473480930233
2024-12-03 13:02:00,608.6969648
2024-12-03 13:03:00,608.70134565
2024-12-03 13:04:00,608.8433891566265
2024-12-03 13:05:00,608.5378994017467
2024-12-03 13:06:00,608.3825673076923
2024-12-03 13:07:00,608.3517118656716
2024-12-03 13:08:00,608.4632905079366
2024-12-03 13:09:00,608.4622611971831
2024-12-03 13:10:00,608.502489593496
2024-12-03 13:11:00,608.4218105263158
2024-12-03 13:12:00,608.420209516129
2024-12-03 13:13:00,608.4595719473684
2024-12-03 13:14:00,608.4090424680851
2024-12-03 13:15:00,608.398880882353
2024-12-03 13:16:00,608.3833709302326
2024-12-03 13:17:00,608.2453352941177
2024-12-03 13:18:00,608.077528546875
2024-12-03 13:19:00,608.1908740476191
2024-12-03 13:20:00,608.300160359375
2024-12-03 13:21:00,608.1362541348315
2024-12-03 13:22:00,608.112919
2024-12-03 13:23:00,608.1272829268293
2024-12-03 13:24:00,608.212192
2024-12-03 13:25:00,608.2439546521739
2024-12-03 13:26:00,608.2329856849315
2024-12-03 13:27:00,608.2278914594594
2024-12-03 13:28:00,608.252470212766
2024-12-03 13:29:00,608.1484177777778
2024-12-03 13:30:00,608.2487720153846
2024-12-03 13:31:00,608.2867723606557
2024-12-03 13:32:00,608.2435063043479
2024-12-03 13:33:00,608.3907965517242
2024-12-03 13:34:00,608.4996747796611
2024-12-03 13:35:00,608.6687111206896
2024-12-03 13:36:00,608.7223571428572
2024-12-03 13:37:00,608.7398772739726
2024-12-03 13:38:00,608.7172738717949
2024-12-03 13:39:00,608.5265378205128
2024-12-03 13:40:00,608.4635104166666
2024-12-03 13:41:00,608.2957732142858
2024-12-03 13:42:00,608.0192483
2024-12-03 13:43:00,607.938144275
2024-12-03 13:44:00,607.8473705882353
2024-12-03 13:45:00,607.8428542857143
2024-12-03 13:46:00,607.9114260210526
2024-12-03 13:47:00,607.7757873383458
2024-12-03 13:48:00,607.5825424905661
2024-12-03 13:49:00,607.496988195122
2024-12-03 13:50:00,607.5210017948718
2024-12-03 13:51:00,607.5132693934427
2024-12-03 13:52:00,607.1879305970149
2024-12-03 13:53:00,607.0680527881356
2024-12-03 13:54:00,606.9341781428571
2024-12-03 13:55:00,606.7572728818182
2024-12-03 13:56:00,606.5896159607843
2024-12-03 13:57:00,606.63014
2024-12-03 13:58:00,606.8354166666667
2024-12-03 13:59:00,606.8546588235295
2024-12-03 14:00:00,606.7199088051948
2024-12-03 14:01:00,606.6658321279069
2024-12-03 14:02:00,606.374747
2024-12-03 14:03:00,606.3515104558824
2024-12-03 14:04:00,606.364116724138
2024-12-03 14:05:00,606.6533180895523
2024-12-03 14:06:00,606.8898175182482
2024-12-03 14:07:00,606.79707025
2024-12-03 14:08:00,606.8913522857143
2024-12-03 14:09:00,606.9808776119403
2024-12-03 14:10:00,607.0381649864864
2024-12-03 14:11:00,607.2227936288659
2024-12-03 14:12:00,607.0790409817073
2024-12-03 14:13:00,606.9388270517242
2024-12-03 14:14:00,606.9562579090909
2024-12-03 14:15:00,606.9689891566265
2024-12-03 14:16:00,606.9320239705883
2024-12-03 14:17:00,606.8999955882352
2024-12-03 14:18:00,606.9828516774194
2024-12-03 14:19:00,606.988501754386
2024-12-03 14:20:00,606.9914696969697
2024-12-03 14:21:00,606.7638926196319
2024-12-03 14:22:00,606.5750971962617
2024-12-03 14:23:00,606.6256238870968
2024-12-03 14:24:00,606.60922578125
2024-12-03 14:25:00,606.6458373333334
2024-12-03 14:26:00,606.5315745463918
2024-12-03 14:27:00,606.5394825316456
2024-12-03 14:28:00,606.5942850190477
2024-12-03 14:29:00,606.8102895833333
2024-12-03 14:30:00,606.8786
2024-12-03 14:31:00,606.920672828125
2024-12-03 14:32:00,606.9484433432835
2024-12-03 14:33:00,606.9579691884057
2024-12-03 14:34:00,607.042273927835
2024-12-03 14:35:00,606.9564517355371
2024-12-03 14:36:00,607.1442297179487
2024-12-03 14:37:00,607.095293
2024-12-03 14:38:00,606.9319516666667
2024-12-03 14:39:00,606.8861479591836
2024-12-03 14:40:00,606.937282
2024-12-03 14:41:00,607.1189436893204
2024-12-03 14:42:00,607.0684968085106
2024-12-03 14:43:00,607.0786044334975
2024-12-03 14:44:00,606.9839580075758
2024-12-03 14:45:00,607.0012753714286
2024-12-03 14:46:00,607.1714147058824
2024-12-03 14:47:00,607.3252656354167
2024-12-03 14:48:00,607.3534317857143
2024-12-03 14:49:00,607.4018954642858
2024-12-03 14:50:00,607.4879577777778
2024-12-03 14:51:00,607.6587201428572
2024-12-03 14:52:00,607.7418731217391
2024-12-03 14:53:00,607.6044349694656
2024-12-03 14:54:00,607.6453219508197
2024-12-03 14:55:00,607.6975537460318
2024-12-03 14:56:00,607.7076041739131
2024-12-03 14:57:00,607.5969260162601
2024-12-03 14:58:00,607.5063703703704
2024-12-03 14:59:00,607.3850841348315
2024-12-03 15:00:00,607.3502629793104
2024-12-03 15:01:00,607.3517917807018
2024-12-03 15:02:00,607.2661222391305
2024-12-03 15:03:00,607.2850277173914
2024-12-03 15:04:00,607.2396010958084
2024-12-03 15:05:00,607.2050945811966
2024-12-03 15:06:00,607.1898301052631
2024-12-03 15:07:00,607.0109871900827
2024-12-03 15:08:00,607.2745380517241
2024-12-03 15:09:00,607.182282
2024-12-03 15:10:00,607.22385
2024-12-03 15:11:00,607.2538123833333
2024-12-03 15:12:00,607.2279886138614
2024-12-03 15:13:00,607.1680123701299
2024-12-03 15:14:00,607.1691624842106
2024-12-03 15:15:00,607.1326484014598
2024-12-03 15:16:00,607.2739123267974
2024-12-03 15:17:00,607.30362709375
2024-12-03 15:18:00,607.4282388561644
2024-12-03 15:19:00,607.5013364651163
2024-12-03 15:20:00,607.5730971255606
2024-12-03 15:21:00,607.28011675
2024-12-03 15:22:00,607.3394526548224
2024-12-03 15:23:00,607.31037
2024-12-03 15:24:00,607.2927317073171
2024-12-03 15:25:00,607.2986335766424
2024-12-03 15:26:00,607.3262545479452
2024-12-03 15:27:00,607.4195631563981
2024-12-03 15:28:00,607.3770699489052
2024-12-03 15:29:00,607.6160201388889
2024-12-03 15:30:00,607.5620781088082
2024-12-03 15:31:00,607.5340524475524
2024-12-03 15:32:00,607.6072344962406
2024-12-03 15:33:00,607.6214509719626
2024-12-03 15:34:00,607.7926604902598
2024-12-03 15:35:00,607.9735005446809
2024-12-03 15:36:00,608.2776745496689
2024-12-03 15:37:00,608.1509754385964
2024-12-03 15:38:00,608.0587957634409
2024-12-03 15:39:00,607.7489507797357
2024-12-03 15:40:00,607.5406493661202
2024-12-03 15:41:00,607.349824390244
2024-12-03 15:42:00,607.1615650943396
2024-12-03 15:43:00,607.1874778714285
2024-12-03 15:44:00,607.1814851013513
2024-12-03 15:45:00,607.1635037699115
2024-12-03 15:46:00,607.1810146323529
2024-12-03 15:47:00,607.3184058702064
2024-12-03 15:48:00,607.1303786037037
2024-12-03 15:49:00,606.9364809452055
2024-12-03 15:50:00,606.9794032567049
2024-12-03 15:51:00,607.1525199404256
2024-12-03 15:52:00,607.194958951579
2024-12-03 15:53:00,606.7411023942029
2024-12-03 15:54:00,606.2771439632107
2024-12-03 15:55:00,605.8119868195778
2024-12-03 15:56:00,605.3862444798712
2024-12-03 15:57:00,605.092735782258
2024-12-03 15:58:00,605.0373528529411
2024-12-03 15:59:00,605.1873732547876
2024-12-03 16:00:00,605.2257979381443
2024-12-03 16:01:00,605.23
2024-12-03 16:02:00,605.2596153846154
2024-12-03 16:03:00,605.23
2024-12-03 16:05:00,605.23
2024-12-03 16:08:00,605.29
2024-12-03 16:10:00,605.6
2024-12-03 16:11:00,605.23
2024-12-03 16:12:00,606.0267
2024-12-03 16:15:00,621.4938888888889
2024-12-03 16:16:00,619.0915789473685
2024-12-03 16:17:00,610.2971428571428
2024-12-03 16:18:00,603.2707818930041
2024-12-03 16:19:00,599.1764406779661
2024-12-03 16:20:00,600.9776190476191
2024-12-03 16:21:00,603.140625
2024-12-03 16:22:00,599.5355
2024-12-03 16:23:00,598.4654397058823
2024-12-03 16:24:00,598.068
2024-12-03 16:25:00,597.3935
2024-12-03 16:26:00,597.416755
2024-12-03 16:27:00,597.1705
2024-12-03 16:28:00,597.7346153846154
2024-12-03 16:29:00,596.0711111111111
2024-12-03 16:30:00,595.444
2024-12-03 16:31:00,595.1343478260869
2024-12-03 16:32:00,597.6375
2024-12-03 16:33:00,596.8164285714286
2024-12-03 16:34:00,601.7536022222222
2024-12-03 16:35:00,599.4547826086956
2024-12-03 16:36:00,600.265
2024-12-03 16:37:00,599.7733333333333
2024-12-03 16:38:00,599.3856756756757
2024-12-03 16:39:00,599.287619047619
2024-12-03 16:40:00,600.01
2024-12-03 16:41:00,599.2475675675676
2024-12-03 16:42:00,599.04
2024-12-03 16:43:00,599.8966666666666
2024-12-03 16:44:00,599.995
2024-12-03 16:45:00,599.9416
2024-12-03 16:46:00,601.8233333333334
2024-12-03 16:49:00,599.155
2024-12-03 16:53:00,602.3177
2024-12-03 16:54:00,599.8233333333334
2024-12-03 16:57:00,602.5
2024-12-03 16:58:00,600.32
2024-12-03 16:59:00,599.0
2024-12-03 17:01:00,600.0
2024-12-03 17:04:00,596.85
2024-12-03 17:06:00,599.0
2024-12-03 17:07:00,599.0
2024-12-03 17:09:00,600.0
2024-12-03 17:13:00,599.17
2024-12-03 17:22:00,600.13
2024-12-03 17:26:00,600.1
2024-12-03 17:28:00,600.1
2024-12-03 17:30:00,599.99
2024-12-03 17:31:00,599.2045454545455
2024-12-03 17:33:00,600.0
2024-12-03 17:35:00,600.0
2024-12-03 17:36:00,599.99
2024-12-03 17:45:00,599.4
2024-12-03 17:51:00,599.0575
2024-12-03 17:52:00,599.97
2024-12-03 17:56:00,599.9
2024-12-03 18:00:00,599.5123076923077
2024-12-03 18:05:00,600.0
2024-12-03 18:11:00,600.0
2024-12-03 18:12:00,599.94
2024-12-03 18:16:00,599.038125
2024-12-03 18:17:00,599.0
2024-12-03 18:27:00,598.5
2024-12-03 18:28:00,599.0
2024-12-03 18:30:00,605.23
2024-12-03 18:37:00,599.99
2024-12-03 18:44:00,600.0
2024-12-03 18:45:00,599.644
2024-12-03 18:49:00,600.0
2024-12-03 18:50:00,599.01
2024-12-03 18:51:00,599.0088888888889
2024-12-03 18:53:00,599.5
2024-12-03 18:54:00,599.5
2024-12-03 18:55:00,599.5
2024-12-03 19:00:00,604.1147
2024-12-03 19:02:00,600.99
2024-12-03 19:05:00,600.0025
2024-12-03 19:09:00,600.995
2024-12-03 19:11:00,599.482
2024-12-03 19:13:00,600.0
2024-12-03 19:14:00,599.8366666666667
2024-12-03 19:15:00,600.99
2024-12-03 19:16:00,600.99
2024-12-03 19:17:00,599.13375
2024-12-03 19:25:00,599.02
2024-12-03 19:27:00,599.02
2024-12-03 19:28:00,599.0069565217391
2024-12-03 19:30:00,598.733
2024-12-03 19:31:00,598.8
2024-12-03 19:32:00,598.8
2024-12-03 19:35:00,598.9333333333333
2024-12-03 19:38:00,598.48
2024-12-03 19:43:00,598.256
2024-12-03 19:49:00,598.26
2024-12-03 19:51:00,599.2166666666667
2024-12-03 19:52:00,599.55
2024-12-03 19:53:00,599.55
2024-12-03 19:56:00,599.55
2024-12-03 19:58:00,599.715
2024-12-03 19:59:00,602.0
2024-12-04 04:01:00,603.0033333333333
2024-12-04 04:03:00,600.18
2024-12-04 04:04:00,600.13
2024-12-04 04:06:00,600.15
2024-12-04 04:14:00,602.99
2024-12-04 04:21:00,600.13
2024-12-04 04:22:00,600.16
2024-12-04 04:24:00,601.0
2024-12-04 04:25:00,601.03
2024-12-04 04:26:00,601.0
2024-12-04 04:28:00,601.0
2024-12-04 04:33:00,601.03
2024-12-04 04:41:00,601.0225
2024-12-04 04:51:00,602.99
2024-12-04 04:53:00,601.05
2024-12-04 04:54:00,601.6933333333334
2024-12-04 04:55:00,602.015
2024-12-04 05:00:00,601.0425
2024-12-04 05:04:00,601.0
2024-12-04 05:05:00,601.0
2024-12-04 05:06:00,601.01
2024-12-04 05:10:00,603.955
2024-12-04 05:12:00,601.04
2024-12-04 05:13:00,601.01
2024-12-04 05:15:00,602.99
2024-12-04 05:16:00,601.045
2024-12-04 05:17:00,602.5
2024-12-04 05:24:00,601.0025
2024-12-04 05:30:00,600.874
2024-12-04 05:33:00,600.37
2024-12-04 05:35:00,601.64
2024-12-04 05:38:00,601.64
2024-12-04 05:40:00,601.64
2024-12-04 05:42:00,601.64
2024-12-04 05:54:00,600.36
2024-12-04 05:55:00,601.0
2024-12-04 06:03:00,600.99
2024-12-04 06:04:00,600.215
2024-12-04 06:08:00,600.99
2024-12-04 06:18:00,600.235
2024-12-04 06:23:00,600.4733333333334
2024-12-04 06:29:00,601.0
2024-12-04 06:49:00,600.23
2024-12-04 06:51:00,600.03
2024-12-04 06:52:00,600.0025
2024-12-04 06:53:00,599.2583870967742
2024-12-04 06:54:00,599.815625
2024-12-04 06:55:00,600.0453333333334
2024-12-04 06:56:00,599.314
2024-12-04 06:59:00,601.1791666666667
2024-12-04 07:00:00,602.1
2024-12-04 07:01:00,602.1088888888889
2024-12-04 07:03:00,602.1
2024-12-04 07:04:00,602.1
2024-12-04 07:06:00,602.5
2024-12-04 07:07:00,602.94
2024-12-04 07:08:00,602.94
2024-12-04 07:09:00,602.57
2024-12-04 07:10:00,602.2455
2024-12-04 07:12:00,601.85
2024-12-04 07:16:00,600.70875
2024-12-04 07:19:00,601.9432258064517
2024-12-04 07:21:00,602.0
2024-12-04 07:22:00,600.7825
2024-12-04 07:27:00,600.885
2024-12-04 07:28:00,600.88
2024-12-04 07:29:00,601.58
2024-12-04 07:30:00,600.88
2024-12-04 07:33:00,600.3142857142857
2024-12-04 07:35:00,600.41
2024-12-04 07:38:00,600.2833333333333
2024-12-04 07:39:00,600.7171428571429
2024-12-04 07:43:00,600.1814285714286
2024-12-04 07:44:00,600.1685714285715
2024-12-04 07:47:00,600.43
2024-12-04 07:50:00,600.0533333333333
2024-12-04 07:52:00,600.1533333333333
2024-12-04 07:54:00,600.21
2024-12-04 07:55:00,600.828
2024-12-04 07:58:00,600.9866666666667
2024-12-04 07:59:00,601.5525
2024-12-04 08:00:00,602.6968095238095
2024-12-04 08:01:00,602.54
2024-12-04 08:02:00,605.23
2024-12-04 08:04:00,602.897
2024-12-04 08:05:00,604.9604761904762
2024-12-04 08:10:00,602.5
2024-12-04 08:12:00,602.478
2024-12-04 08:13:00,602.294
2024-12-04 08:14:00,602.1845
2024-12-04 08:15:00,602.294
2024-12-04 08:16:00,602.0
2024-12-04 08:18:00,602.0
2024-12-04 08:20:00,602.19
2024-12-04 08:22:00,602.23
2024-12-04 08:23:00,604.9
2024-12-04 08:24:00,603.6163636363636
2024-12-04 08:25:00,604.0025
2024-12-04 08:26:00,604.2
2024-12-04 08:28:00,604.2
2024-12-04 08:29:00,604.3575
2024-12-04 08:30:00,604.0694444444445
2024-12-04 08:31:00,602.7421739130435
2024-12-04 08:32:00,601.733076923077
2024-12-04 08:33:00,601.9329411764705
2024-12-04 08:34:00,602.2154545454546
2024-12-04 08:36:00,603.4576470588236
2024-12-04 08:37:00,604.7208823529412
2024-12-04 08:38:00,604.5528571428572
2024-12-04 08:40:00,601.565
2024-12-04 08:44:00,604.78
2024-12-04 08:47:00,604.56
2024-12-04 08:48:00,604.4533333333334
2024-12-04 08:49:00,605.4315
2024-12-04 08:50:00,605.9457142857143
2024-12-04 08:51:00,606.14
2024-12-04 08:52:00,596.1133666191156
2024-12-04 08:53:00,591.2223190016103
2024-12-04 08:54:00,595.5449416569428
2024-12-04 08:55:00,603.2613626838236
2024-12-04 08:56:00,604.5458270377734
2024-12-04 08:57:00,607.1302247011952
2024-12-04 08:58:00,606.9911063829787
2024-12-04 08:59:00,606.1276120622568
2024-12-04 09:00:00,606.4482300884956
2024-12-04 09:01:00,607.771681512605
2024-12-04 09:02:00,608.0858061135372
2024-12-04 09:03:00,606.6132097014926
2024-12-04 09:04:00,606.0725224299066
2024-12-04 09:05:00,606.0472802721089
2024-12-04 09:06:00,606.7907459627329
2024-12-04 09:07:00,607.7191511111112
2024-12-04 09:08:00,608.4839450704226
2024-12-04 09:09:00,608.2584615384616
2024-12-04 09:10:00,608.7207290909091
2024-12-04 09:11:00,611.0239962264151
2024-12-04 09:12:00,610.7430653333333
2024-12-04 09:13:00,610.1985922330097
2024-12-04 09:14:00,610.116625974026
2024-12-04 09:15:00,610.1883248447205
2024-12-04 09:16:00,610.555239047619
2024-12-04 09:17:00,610.2458823529412
2024-12-04 09:18:00,609.3485345679012
2024-12-04 09:19:00,609.3389669811321
2024-12-04 09:20:00,608.6378852564103
2024-12-04 09:21:00,608.7656731958763
2024-12-04 09:22:00,608.5859330508474
2024-12-04 09:23:00,608.481625
2024-12-04 09:24:00,609.8151367924528
2024-12-04 09:25:00,611.3529411764706
2024-12-04 09:26:00,612.2539024390244
2024-12-04 09:27:00,612.0908717391304
2024-12-04 09:28:00,612.570885106383
2024-12-04 09:29:00,612.27625
2024-12-04 09:30:00,612.8418678472223
2024-12-04 09:31:00,615.4560608917197
2024-12-04 09:32:00,620.0413535339266
2024-12-04 09:33:00,621.1809081139053
2024-12-04 09:34:00,620.7487279294118
2024-12-04 09:35:00,619.4080047692307
2024-12-04 09:36:00,618.4743357446808
2024-12-04 09:37:00,617.2843223564955
2024-12-04 09:38:00,616.277319138756
2024-12-04 09:39:00,617.0694939401595
2024-12-04 09:40:00,616.8848335571429
2024-12-04 09:41:00,616.6349411398177
2024-12-04 09:42:00,617.2742451428571
2024-12-04 09:43:00,618.6921874744526
2024-12-04 09:44:00,619.1630271891892
2024-12-04 09:45:00,619.0615402439024
2024-12-04 09:46:00,618.1956708953771
2024-12-04 09:47:00,617.2100177570094
2024-12-04 09:48:00,617.0684565573771
2024-12-04 09:49:00,617.125284
2024-12-04 09:50:00,616.976515522388
2024-12-04 09:51:00,617.4911645363128
2024-12-04 09:52:00,617.1213876596737
2024-12-04 09:53:00,616.9797076042403
2024-12-04 09:54:00,616.0128133222591
2024-12-04 09:55:00,615.4544209477124
2024-12-04 09:56:00,615.7626936351792
2024-12-04 09:57:00,615.7560525291829
2024-12-04 09:58:00,615.4395105629139
2024-12-04 09:59:00,615.2061427105264
2024-12-04 10:00:00,616.1855644970415
2024-12-04 10:01:00,614.7591682672233
2024-12-04 10:02:00,614.4880974747475
2024-12-04 10:03:00,613.8920879980197
2024-12-04 10:04:00,612.5679334196722
2024-12-04 10:05:00,611.9410350084439
2024-12-04 10:06:00,611.8185676132404
2024-12-04 10:07:00,612.1163149190476
2024-12-04 10:08:00,612.2946226223629
2024-12-04 10:09:00,612.1888681302931
2024-12-04 10:10:00,611.7088329392266
2024-12-04 10:11:00,611.6485115286196
2024-12-04 10:12:00,611.5288278847584
2024-12-04 10:13:00,611.7671067729084
2024-12-04 10:14:00,611.2152749538461
2024-12-04 10:15:00,611.7795445283688
2024-12-04 10:16:00,612.4078643557312
2024-12-04 10:17:00,613.2030870588235
2024-12-04 10:18:00,613.2740044192308
2024-12-04 10:19:00,612.8286172662116
2024-12-04 10:20:00,612.3336388526316
2024-12-04 10:21:00,612.0577707462686
2024-12-04 10:22:00,611.3796420625
2024-12-04 10:23:00,610.6558914011628
2024-12-04 10:24:00,610.5609828820755
2024-12-04 10:25:00,610.1356497028302
2024-12-04 10:26:00,609.9531861679687
2024-12-04 10:27:00,609.5680009570552
2024-12-04 10:28:00,608.8364317852029
2024-12-04 10:29:00,608.954918556701
2024-12-04 10:30:00,608.9021307692308
2024-12-04 10:31:00,608.4406609963636
2024-12-04 10:32:00,608.0540241803278
2024-12-04 10:33:00,608.197825
2024-12-04 10:34:00,608.213287462963
2024-12-04 10:35:00,608.1513049875
2024-12-04 10:36:00,609.1180574660633
2024-12-04 10:37:00,609.3807204404762
2024-12-04 10:38:00,610.0136520946502
2024-12-04 10:39:00,609.9962282051282
2024-12-04 10:40:00,609.7983380784314
2024-12-04 10:41:00,609.9020076576577
2024-12-04 10:42:00,609.0184597165992
2024-12-04 10:43:00,609.85996575
2024-12-04 10:44:00,610.1051861185185
2024-12-04 10:45:00,610.0221471485944
2024-12-04 10:46:00,609.90771284375
2024-12-04 10:47:00,610.25402975
2024-12-04 10:48:00,610.3195286339286
2024-12-04 10:49:00,610.5544980314961
2024-12-04 10:50:00,609.8364074625
2024-12-04 10:51:00,609.1489451219512
2024-12-04 10:52:00,608.6555663867404
2024-12-04 10:53:00,608.4083345289256
2024-12-04 10:54:00,608.2355855960265
2024-12-04 10:55:00,608.3867228865248
2024-12-04 10:56:00,608.2680492718447
2024-12-04 10:57:00,608.1361514967532
2024-12-04 10:58:00,607.8955522488687
2024-12-04 10:59:00,607.7697249532711
2024-12-04 11:00:00,607.4081856451613
2024-12-04 11:01:00,607.693014620462
2024-12-04 11:02:00,608.5185007314815
2024-12-04 11:03:00,608.6413804755244
2024-12-04 11:04:00,609.236645684492
2024-12-04 11:05:00,609.38649125
2024-12-04 11:06:00,609.1022077063492
2024-12-04 11:07:00,609.4522687116564
2024-12-04 11:08:00,609.5843841732284
2024-12-04 11:09:00,610.0622020466667
2024-12-04 11:10:00,610.4589988826816
2024-12-04 11:11:00,610.3681038674033
2024-12-04 11:12:00,610.5761683506494
2024-12-04 11:13:00,610.5775247706422
2024-12-04 11:14:00,610.6223187809524
2024-12-04 11:15:00,610.6754704142012
2024-12-04 11:16:00,610.826274375
2024-12-04 11:17:00,611.0132631143912
2024-12-04 11:18:00,612.4241210335571
2024-12-04 11:19:00,613.1046481707317
2024-12-04 11:20:00,613.468760089686
2024-12-04 11:21:00,613.4305499885714
2024-12-04 11:22:00,614.5668896935933
2024-12-04 11:23:00,614.797250444976
2024-12-04 11:24:00,615.2626436241611
2024-12-04 11:25:00,615.2229114636872
2024-12-04 11:26:00,614.9786599359757
2024-12-04 11:27:00,614.811139574468
2024-12-04 11:28:00,614.9856741573034
2024-12-04 11:29:00,614.7218754010695
2024-12-04 11:30:00,614.6980461818182
2024-12-04 11:31:00,614.0656964285714
2024-12-04 11:32:00,613.9871863283582
2024-12-04 11:33:00,614.1738275229358
2024-12-04 11:34:00,614.4795925
2024-12-04 11:35:00,614.0916145621302
2024-12-04 11:36:00,613.78598
2024-12-04 11:37:00,613.5339351075269
2024-12-04 11:38:00,613.4173326990291
2024-12-04 11:39:00,613.604010948905
2024-12-04 11:40:00,613.8315053655173
2024-12-04 11:41:00,613.6075485471698
2024-12-04 11:42:00,613.5270696969696
2024-12-04 11:43:00,613.4473534032259
2024-12-04 11:44:00,613.3072806185567
2024-12-04 11:45:00,613.3877171290322
2024-12-04 11:46:00,613.585544949495
2024-12-04 11:47:00,614.0781361962617
2024-12-04 11:48:00,614.5744635677966
2024-12-04 11:49:00,614.6489662291667
2024-12-04 11:50:00,614.6265479398496
2024-12-04 11:51:00,614.4584005235602
2024-12-04 11:52:00,614.7931962442748
2024-12-04 11:53:00,614.9826654383562
2024-12-04 11:54:00,614.8995427350427
2024-12-04 11:55:00,614.8339440476191
2024-12-04 11:56:00,614.7345896551724
2024-12-04 11:57:00,614.7212059602649
2024-12-04 11:58:00,614.5500316222223
2024-12-04 11:59:00,614.3297489795918
2024-12-04 12:00:00,614.0854986369427
2024-12-04 12:01:00,614.3194200934579
2024-12-04 12:02:00,614.5209679255952
2024-12-04 12:03:00,614.9225047619047
2024-12-04 12:04:00,614.1685309036698
2024-12-04 12:05:00,614.0746821935484
2024-12-04 12:06:00,613.73198
2024-12-04 12:07:00,614.1096178861789
2024-12-04 12:08:00,613.922965
2024-12-04 12:09:00,613.7018219298245
2024-12-04 12:10:00,613.5763487428571
2024-12-04 12:11:00,613.755684057971
2024-12-04 12:12:00,613.6995925342466
2024-12-04 12:13:00,613.7204884262295
2024-12-04 12:14:00,613.5684117647058
2024-12-04 12:15:00,613.1824737623763
2024-12-04 12:16:00,612.87005775
2024-12-04 12:17:00,612.679465060241
2024-12-04 12:18:00,612.4846547486034
2024-12-04 12:19:00,612.6112328571429
2024-12-04 12:20:00,612.664887967742
2024-12-04 12:21:00,612.853668556701
2024-12-04 12:22:00,612.702646835443
2024-12-04 12:23:00,612.3738920060975
2024-12-04 12:24:00,612.0042
2024-12-04 12:25:00,611.2554765625
2024-12-04 12:26:00,612.1233981818182
2024-12-04 12:27:00,612.4847192702703
2024-12-04 12:28:00,612.53062
2024-12-04 12:29:00,612.7449788789809
2024-12-04 12:30:00,612.5053898316831
2024-12-04 12:31:00,612.408395673913
2024-12-04 12:32:00,612.549984972973
2024-12-04 12:33:00,612.4334298507463
2024-12-04 12:34:00,612.1268709004329
2024-12-04 12:35:00,612.0655687682927
2024-12-04 12:36:00,612.1075732380953
2024-12-04 12:37:00,611.9033946137931
2024-12-04 12:38:00,611.6257369230769
2024-12-04 12:39:00,611.5738053333333
2024-12-04 12:40:00,611.5427465517241
2024-12-04 12:41:00,611.4191226495726
2024-12-04 12:42:00,611.4193015037594
2024-12-04 12:43:00,611.2785850487805
2024-12-04 12:44:00,611.2545952727273
2024-12-04 12:45:00,611.184763488764
2024-12-04 12:46:00,610.7047642201835
2024-12-04 12:47:00,610.0598102564103
2024-12-04 12:48:00,610.0974389
2024-12-04 12:49:00,610.3945404040404
2024-12-04 12:50:00,610.4976425806451
2024-12-04 12:51:00,610.5626154639175
2024-12-04 12:52:00,610.4670121951219
2024-12-04 12:53:00,610.47581
2024-12-04 12:54:00,610.409294116279
2024-12-04 12:55:00,610.2135126436782
2024-12-04 12:56:00,610.4191037614679
2024-12-04 12:57:00,610.6281283118279
2024-12-04 12:58:00,610.552664326923
2024-12-04 12:59:00,610.6938381930185
2024-12-04 13:00:00,610.5625083333333
2024-12-04 13:01:00,610.4565054347826
2024-12-04 13:02:00,610.5174171717172
2024-12-04 13:03:00,610.4906171717172
2024-12-04 13:04:00,610.6445375
2024-12-04 13:05:00,610.6634905882353
2024-12-04 13:06:00,610.6303408787879
2024-12-04 13:07:00,610.6731235955057
2024-12-04 13:08:00,611.0890216852791
2024-12-04 13:09:00,611.325343289855
2024-12-04 13:10:00,611.1183643835617
2024-12-04 13:11:00,611.0496754385965
2024-12-04 13:12:00,610.7797023809524
2024-12-04 13:13:00,610.5480681318681
2024-12-04 13:14:00,610.558379702381
2024-12-04 13:15:00,610.5244147727273
2024-12-04 13:16:00,610.4303246
2024-12-04 13:17:00,610.5041686567164
2024-12-04 13:18:00,610.2818
2024-12-04 13:19:00,610.276826590164
2024-12-04 13:20:00,610.1930710843374
2024-12-04 13:21:00,610.1334516129032
2024-12-04 13:22:00,610.0192170275229
2024-12-04 13:23:00,609.7501234482759
2024-12-04 13:24:00,609.6731857727273
2024-12-04 13:25:00,609.6635863513513
2024-12-04 13:26:00,609.5548960606061
2024-12-04 13:27:00,609.5933207100592
2024-12-04 13:28:00,609.6180885090909
2024-12-04 13:29:00,609.6906237179487
2024-12-04 13:30:00,609.2660862745098
2024-12-04 13:31:00,608.8539228153846
2024-12-04 13:32:00,608.6239771034483
2024-12-04 13:33:00,608.3440763790322
2024-12-04 13:34:00,608.220902962963
2024-12-04 13:35:00,607.9021838429752
2024-12-04 13:36:00,607.9743732673268
2024-12-04 13:37:00,608.015536
2024-12-04 13:38:00,608.3731792741936
2024-12-04 13:39:00,608.6041525641026
2024-12-04 13:40:00,608.6112960317461
2024-12-04 13:41:00,608.6513473679245
2024-12-04 13:42:00,608.5115323184931
2024-12-04 13:43:00,608.913324
2024-12-04 13:44:00,609.102824
2024-12-04 13:45:00,609.026688961039
2024-12-04 13:46:00,608.8887839253731
2024-12-04 13:47:00,608.9600785714285
2024-12-04 13:48:00,609.0281351666666
2024-12-04 13:49:00,609.0716869432624
2024-12-04 13:50:00,609.0436315061728
2024-12-04 13:51:00,608.9563433628318
2024-12-04 13:52:00,609.0653777108433
2024-12-04 13:53:00,609.1129538461538
2024-12-04 13:54:00,609.0308744360902
2024-12-04 13:55:00,609.0602583333333
2024-12-04 13:56:00,608.9759045454546
2024-12-04 13:57:00,608.774083618868
2024-12-04 13:58:00,609.0175179310345
2024-12-04 13:59:00,608.8938511111111
2024-12-04 14:00:00,608.8071595744681
2024-12-04 14:01:00,609.2207889570552
2024-12-04 14:02:00,609.4031218181818
2024-12-04 14:03:00,609.4594823529412
2024-12-04 14:04:00,609.2381526315789
2024-12-04 14:05:00,609.4533916201117
2024-12-04 14:06:00,609.5809838095238
2024-12-04 14:07:00,609.4268301925925
2024-12-04 14:08:00,609.3661195876289
2024-12-04 14:09:00,609.5551878378378
2024-12-04 14:10:00,609.7033018518518
2024-12-04 14:11:00,609.6996253012048
2024-12-04 14:12:00,609.6220038461538
2024-12-04 14:13:00,609.6165954545454
2024-12-04 14:14:00,609.5981680133333
2024-12-04 14:15:00,609.7723720284553
2024-12-04 14:16:00,610.2322471074381
2024-12-04 14:17:00,610.0230172131147
2024-12-04 14:18:00,610.2000603448275
2024-12-04 14:19:00,610.3583021265823
2024-12-04 14:20:00,610.4955296296296
2024-12-04 14:21:00,610.4567100775193
2024-12-04 14:22:00,610.3531517482518
2024-12-04 14:23:00,610.3915741935484
2024-12-04 14:24:00,610.3168584745763
2024-12-04 14:25:00,610.3771919642858
2024-12-04 14:26:00,610.4915518248175
2024-12-04 14:27:00,610.2148879032258
2024-12-04 14:28:00,610.1671685974026
2024-12-04 14:29:00,610.1567277108434
2024-12-04 14:30:00,610.1693514285714
2024-12-04 14:31:00,610.349471564935
2024-12-04 14:32:00,610.5759987096774
2024-12-04 14:33:00,610.5290960948905
2024-12-04 14:34:00,610.8925137931035
2024-12-04 14:35:00,611.1969731707317
2024-12-04 14:36:00,611.427845390071
2024-12-04 14:37:00,611.4543433962264
2024-12-04 14:38:00,611.3648260869566
2024-12-04 14:39:00,611.60385625
2024-12-04 14:40:00,611.568840625
2024-12-04 14:41:00,611.457673680851
2024-12-04 14:42:00,611.3195377192983
2024-12-04 14:43:00,611.18238344
2024-12-04 14:44:00,611.2418737264151
2024-12-04 14:45:00,611.2394637882353
2024-12-04 14:46:00,611.4463608391609
2024-12-04 14:47:00,611.561063266055
2024-12-04 14:48:00,611.4651734042553
2024-12-04 14:49:00,611.2620696296297
2024-12-04 14:50:00,610.9812863240223
2024-12-04 14:51:00,611.0754403846154
2024-12-04 14:52:00,611.0968421875
2024-12-04 14:53:00,611.1172697857143
2024-12-04 14:54:00,611.2318785407725
2024-12-04 14:55:00,611.2683310540541
2024-12-04 14:56:00,611.2150367171718
2024-12-04 14:57:00,611.1971092592593
2024-12-04 14:58:00,611.2213597260273
2024-12-04 14:59:00,611.1727750943396
2024-12-04 15:00:00,610.9750983739838
2024-12-04 15:01:00,610.7318944272728
2024-12-04 15:02:00,610.8367451612903
2024-12-04 15:03:00,611.01987652
2024-12-04 15:04:00,611.217212173913
2024-12-04 15:05:00,611.378156097561
2024-12-04 15:06:00,611.2739672191011
2024-12-04 15:07:00,611.200923859155
2024-12-04 15:08:00,611.1683503118279
2024-12-04 15:09:00,611.4293600287082
2024-12-04 15:10:00,611.9625123780488
2024-12-04 15:11:00,612.1866672862453
2024-12-04 15:12:00,612.0036930481283
2024-12-04 15:13:00,611.9194901639344
2024-12-04 15:14:00,611.6163756930694
2024-12-04 15:15:00,611.4096401428571
2024-12-04 15:16:00,611.0559889596774
2024-12-04 15:17:00,611.0836157894737
2024-12-04 15:18:00,611.097084137931
2024-12-04 15:19:00,611.1639688073394
2024-12-04 15:20:00,611.076158397351
2024-12-04 15:21:00,611.016271398374
2024-12-04 15:22:00,611.0588188689138
2024-12-04 15:23:00,610.8031237960527
2024-12-04 15:24:00,610.606578464
2024-12-04 15:25:00,610.4212368266667
2024-12-04 15:26:00,610.4650856775957
2024-12-04 15:27:00,610.4818952321428
2024-12-04 15:28:00,610.4279296296296
2024-12-04 15:29:00,610.2535601829268
2024-12-04 15:30:00,609.9823345120482
2024-12-04 15:31:00,609.7546475803572
2024-12-04 15:32:00,609.8504411597222
2024-12-04 15:33:00,609.8863801768292
2024-12-04 15:34:00,609.865078408284
2024-12-04 15:35:00,609.8268694588236
2024-12-04 15:36:00,609.9672225843622
2024-12-04 15:37:00,610.3908053175676
2024-12-04 15:38:00,610.6137943260869
2024-12-04 15:39:00,610.830833875
2024-12-04 15:40:00,610.8849126754717
2024-12-04 15:41:00,610.8553583582888
2024-12-04 15:42:00,610.8823765359477
2024-12-04 15:43:00,610.8909771882353
2024-12-04 15:44:00,611.0380603931624
2024-12-04 15:45:00,611.1563417659574
2024-12-04 15:46:00,611.3003237416667
2024-12-04 15:47:00,611.3489073402062
2024-12-04 15:48:00,611.517558322807
2024-12-04 15:49:00,611.3903807153846
2024-12-04 15:50:00,611.3316613481481
2024-12-04 15:51:00,610.7413468542857
2024-12-04 15:52:00,610.527859775
2024-12-04 15:53:00,610.8174308518519
2024-12-04 15:54:00,611.150224797136
2024-12-04 15:55:00,610.869585599297
2024-12-04 15:56:00,611.2893033777038
2024-12-04 15:57:00,611.351003178982
2024-12-04 15:58:00,611.4768451086957
2024-12-04 15:59:00,610.8918327785817
2024-12-04 16:00:00,610.785
2024-12-04 16:01:00,610.79
2024-12-04 16:02:00,610.7891666666667
2024-12-04 16:03:00,610.5664705882353
2024-12-04 16:04:00,610.79
2024-12-04 16:05:00,611.2926
2024-12-04 16:06:00,610.9966666666667
2024-12-04 16:07:00,610.79
2024-12-04 16:08:00,611.9433333333334
2024-12-04 16:09:00,610.79
2024-12-04 16:10:00,610.79
2024-12-04 16:11:00,610.074074074074
2024-12-04 16:12:00,610.79
2024-12-04 16:13:00,610.79
2024-12-04 16:14:00,610.82
2024-12-04 16:15:00,610.91
2024-12-04 16:19:00,612.0
2024-12-04 16:23:00,610.13
2024-12-04 16:24:00,610.455
2024-12-04 16:25:00,610.79
2024-12-04 16:26:00,609.845
2024-12-04 16:27:00,610.1266666666667
2024-12-04 16:28:00,610.83
2024-12-04 16:30:00,610.46
2024-12-04 16:31:00,610.82
2024-12-04 16:32:00,610.12
2024-12-04 16:34:00,610.1066666666667
2024-12-04 16:36:00,610.79
2024-12-04 16:37:00,610.79
2024-12-04 16:39:00,610.79
2024-12-04 16:42:00,609.94
2024-12-04 16:47:00,614.0
2024-12-04 16:48:00,610.79
2024-12-04 16:51:00,609.8
2024-12-04 16:54:00,609.965
2024-12-04 16:55:00,610.0
2024-12-04 16:58:00,610.0
2024-12-04 17:02:00,610.395
2024-12-04 17:07:00,610.0
2024-12-04 17:12:00,609.8666666666667
2024-12-04 17:13:00,613.9988
2024-12-04 17:16:00,609.691
2024-12-04 17:17:00,610.27
2024-12-04 17:18:00,610.66
2024-12-04 17:22:00,614.0
2024-12-04 17:24:00,609.77
2024-12-04 17:25:00,610.79
2024-12-04 17:27:00,610.235
2024-12-04 17:28:00,610.235
2024-12-04 17:32:00,609.77
2024-12-04 17:39:00,607.27
2024-12-04 17:42:00,607.27
2024-12-04 17:44:00,611.2125
2024-12-04 17:46:00,610.57
2024-12-04 17:47:00,614.0
2024-12-04 17:51:00,607.27
2024-12-04 18:01:00,610.845
2024-12-04 18:06:00,609.0593
2024-12-04 18:09:00,610.01
2024-12-04 18:10:00,609.68375
2024-12-04 18:12:00,610.47
2024-12-04 18:13:00,608.88505
2024-12-04 18:14:00,610.0
2024-12-04 18:15:00,614.0
2024-12-04 18:16:00,610.49
2024-12-04 18:17:00,610.005
2024-12-04 18:19:00,610.5
2024-12-04 18:21:00,610.4
2024-12-04 18:25:00,609.995
2024-12-04 18:26:00,610.4
2024-12-04 18:27:00,609.55
2024-12-04 18:28:00,609.5533333333333
2024-12-04 18:30:00,610.79
2024-12-04 18:34:00,613.91585
2024-12-04 18:35:00,609.01
2024-12-04 18:39:00,608.5
2024-12-04 18:42:00,610.5
2024-12-04 18:47:00,610.8166666666667
2024-12-04 18:49:00,610.06
2024-12-04 18:56:00,610.0
2024-12-04 18:57:00,610.005
2024-12-04 19:00:00,610.54
2024-12-04 19:03:00,610.0725
2024-12-04 19:04:00,610.645
2024-12-04 19:06:00,611.11
2024-12-04 19:09:00,610.9542857142857
2024-12-04 19:10:00,612.8999
2024-12-04 19:12:00,610.0
2024-12-04 19:13:00,610.0
2024-12-04 19:15:00,610.79
2024-12-04 19:17:00,611.45
2024-12-04 19:19:00,610.79
2024-12-04 19:25:00,610.0
2024-12-04 19:26:00,610.15
2024-12-04 19:28:00,610.79
2024-12-04 19:29:00,610.03
2024-12-04 19:30:00,610.0562333333334
2024-12-04 19:31:00,610.2725
2024-12-04 19:32:00,610.0
2024-12-04 19:33:00,610.2
2024-12-04 19:34:00,610.16
2024-12-04 19:35:00,610.0
2024-12-04 19:36:00,610.305
2024-12-04 19:39:00,610.01
2024-12-04 19:42:00,610.1275
2024-12-04 19:43:00,610.0
2024-12-04 19:44:00,610.045
2024-12-04 19:52:00,610.01
2024-12-04 19:53:00,610.08
2024-12-04 19:54:00,610.08
2024-12-04 19:55:00,612.9
2024-12-04 19:58:00,611.84
2024-12-04 19:59:00,610.0
